id;prix
1;3.8206647096605146
2;2.72701940258093
3;21.890705911754544
4;35.42807692047724
5;162.33789250645262
6;27.420405364016904
7;1.9333611606345102
8;379.6934666442087
9;19.649062784524325
10;8.502233379512907
11;3.1700844943079165
12;46.663331960525596
13;11.040646163281867
14;6.1389374277800925
15;18.629827137372004
16;195.36500507349544
17;4.181480919941955
18;7.3499327892188075
19;3.693382364577063
20;4.823365382405368
21;15.029913349603182
22;1.5876278390380536
23;19.689616914785645
24;10.578507115546865
25;6.393020958002175
26;5.878902320279873
27;2.0506193924400433
28;10.819389417593062
29;11.2607742179972
30;2.6168799936721876
31;9.679997672181914
32;12.470336373455504
33;5.187396773673907
34;15.006991694199021
35;7.456944175665721
36;3.539016344438517
37;47.19868409532792
38;27.884833787594598
39;15.624948339217633
40;108.02001039435298
41;7.126359986849058
42;18.622187118210984
43;1.6873145746257145
44;8.08944467242959
45;3.556516280226378
46;3.70461706755705
47;28.43542106691396
48;7.611878462387448
49;16.655771594205063
50;7.836622748071619
51;6.3537621036129535
52;6.513782765097509
53;4.653350323163709
54;9.13213660920387
55;128.8126896873479
56;7.435754922546348
57;5.292297240218555
58;6.333482638164647
59;4.125895866572003
60;8.863739887616811
61;7.552840943148887
62;226.82228690706046
63;5.776101990303917
64;6.545732167458883
65;6.658731281155631
66;1.5702272862707245
67;18.461364111058693
68;18.461364111058693
69;28.79224536776129
70;11.391220618442173
71;1.5810214661260766
72;9.13604440075491
73;5.366732134316367
74;4.79169493601481
75;7.516378459138215
76;9.397354340960067
77;8.740614896841304
78;1.9983849309888446
79;12.12107814714156
80;6.835979066648856
81;59.35193061127
82;7.549999999999957
83;15.501076139796094
84;6.369643492994208
85;8.289144334479984
86;38.6220763859635
87;2.635895153434165
88;6.557304459404217
89;9.957458867551324
90;18.25668747220284
91;22.131944483545087
92;2.5257052501290795
93;26.620334260591086
94;1.5454494223924367
95;6.371847055912812
96;8.493707315698352
97;90.24727677474486
98;11.516954944764622
99;1.197753066287537
100;82.44499172953212
101;3.9243150793059307
102;38.19096432698268
103;102.79999999999994
104;2.7749365740689966
105;4.408152497686625
106;5.344093312747568
107;5.584395737292024
108;20.965760419184647
109;6.19516119139691
110;8.424513365520266
111;1.8400000000000045
112;5.428147116502201
113;18.583373227888146
114;5.869726597142466
115;1.507770509391053
116;18.363885960973064
117;3.1643232423593037
118;2.8047234039787736
119;6.35999940025415
120;1.6611689700459884
121;21.94792721134119
122;1.9845711230752872
123;29.603573760700083
124;144.56555608002117
125;3.9846769868701664
126;14.802437175491335
127;47.98143221069605
128;3.087399327428335
129;18.62566658964994
130;13.73504324734029
131;9.425818093764864
132;540.5606517152744
133;4.411004321273062
134;30.281203906413648
135;18.442614206363793
136;3.971624484911007
137;7.6968011106197
138;17.196660228175705
139;1.9114653233043326
140;6.7332918790437555
141;1.770641323758762
142;3.258863835057969
143;43.05538934020843
144;4.436395366241056
145;5.040280804806359
146;5.864426147634258
147;25.6351410357093
148;2.8721938163460994
149;18.435494101829974
150;35.17721285826785
151;18.724897993271473
152;18.62991601451999
153;10.746112276098799
154;1.520000000000001
155;2.9610954088766728
156;53.75040933953633
157;2.0781118660021574
158;2.497686324682559
159;3.030019165362238
160;7.720635870940358
161;13.784349862125369
162;2.018255868322974
163;4.900531805632685
164;7.328786668370527
165;2.2443722550321428
166;5.216259245541773
167;2.7717253224462395
168;1.794206383939039
169;22.09251603023505
170;12.345756275507139
171;4.561336223414221
172;18.62971807850414
173;14.513625251365188
174;13.616848244094902
175;2.544172939031172
176;11.628305381697569
177;4.935598175530752
178;6.338711611272894
179;33.97564237217793
180;71.44763069157617
181;22.077418745688025
182;26.642691853925193
183;6.37420695571968
184;22.114392524304137
185;94.23149939493348
186;4.090197225696648
187;8.117974330413515
188;7.177896430640406
189;2.3342877657739907
190;41.544143826087755
191;5.936486447123469
192;4.369627685445641
193;22.142409531967886
194;6.3678128108314604
195;6.054548726069482
196;14.97953008686251
197;351.5492506185852
198;6.718497420966464
199;58.805193296698356
200;45.47296627762329
201;5.3422913072480265
202;20.457491867685594
203;10.335391680980829
204;6.242000366880077
205;9.205703688364975
206;28.508175973144564
207;6.357714852326987
208;16.740233230033642
209;42.71363573852586
210;26.215529191966734
211;16.260382209939337
212;2.993975656229197
213;18.16646958969764
214;66.28755939281731
215;25.481968357733884
216;19.014332961936955
217;78.3152891521315
218;13.024087509996797
219;57.44759520177075
220;5.82235434596023
221;12.755883819459457
222;4.099754210727827
223;24.055330816572113
224;4.81320094589616
225;3.8839727847783174
226;10.272522928106945
227;18.906787448584765
228;10.055065025861575
229;4.215267983639458
230;6.542130076852594
231;30.402889892783666
232;4.07437357557023
233;2.619282555983185
234;18.860333035829502
235;7.176269976225508
236;5.748122843701022
237;9.521336522865036
238;7.650916321939607
239;3.2420362157433624
240;5.7456635173728605
241;159.3293626189387
242;18.824795155249596
243;3.801785218694692
244;16.264010911203055
245;18.467848611357862
246;2.268477796197861
247;7.764065962879457
248;14.785660280128287
249;6.333482638164647
250;5.748244970871751
251;6.21394494128698
252;3.0517695695965648
253;24.84753404211294
254;14.210368340905037
255;71.72408862140037
256;10.600147960236217
257;6.060077803911812
258;19.294984479351815
259;10.591235667874995
260;1.892407258857441
261;6.987467780868288
262;5.178721400759666
263;5.527727065281746
264;3.3261205336063737
265;101.25601264630133
266;3.577249041132722
267;18.14363724994294
268;2.1680912702722654
269;4.543792023082821
270;10.312951380188625
271;3.7483764041496572
272;15.249432216773034
273;2.573454999041934
274;7.054689910108239
275;42.43110129758033
276;11.815674341952114
277;5.906656343379385
278;74.31571639141652
279;57.68674056028214
280;5.032216480382848
281;38.01056674461941
282;1.7936092597854647
283;229.73968418458742
284;2.3272729975247968
285;7.140000000000012
286;6.633475907660491
287;4.77682713829324
288;98.85784322509656
289;7.661007681709264
290;18.860333035829502
291;6.2306908909250005
292;7.653921408098275
293;3.2925401954781233
294;60.21253960340178
295;6.767291851541563
296;2.2879815678722815
297;13.39510870498382
298;144.86097269757153
299;7.129614713472995
300;5.28804661440959
301;85.79325559621229
302;54.13029164439998
303;3.055874486544317
304;82.8244636369444
305;2.7723763144403866
306;28.969535351239784
307;96.67424090684442
308;6.1019561115703755
309;6.703918233627991
310;9.85237376295946
311;23.709999999999997
312;18.627898035492358
313;2.5809986701831833
314;17.60459697201601
315;7.051434779535972
316;2.2276737447149726
317;44.79279560925503
318;18.695069735617366
319;2.1545563425373415
320;4.6877525479831545
321;1.2049838175291383
322;6.929256873602795
323;7.948848287360467
324;3.340731183299899
325;1.9000000000000026
326;3.7200118989600996
327;5.781838492625908
328;13.453057920950641
329;7.753804324087952
330;18.372398087442424
331;6.380573548116501
332;9.965707438926781
333;138.47191185760857
334;22.152039496341438
335;14.191337321334595
336;45.47296627762329
337;18.62896689468808
338;53.467905567445925
339;18.54972424925397
340;6.944231744047491
341;24.875797448193588
342;8.216348355816562
343;6.047901548456523
344;39.214975931119945
345;60.09941309725438
346;1.3267768591709017
347;2.5007355531810553
348;11.788686849934251
349;6.370416770993453
350;1.7026763899354553
351;6.4100089755509435
352;39.174419440885295
353;38.06393785099101
354;1.490981470709997
355;13.923263329774064
356;6.570174840591828
357;60.2443402753526
358;9.512405973554772
359;37.05686284149347
360;8.671354885522081
361;255.18537124671278
362;3.317121713379067
363;3.3427624322228815
364;6.763077943325824
365;2.0940829843732365
366;13.731506354086752
367;3.7640276940749557
368;8.130434563190605
369;3.860627985076866
370;237.76665537482117
371;16.930000000000025
372;7.054689910108239
373;7.6433024977139254
374;22.155423484218254
375;3.183424270522949
376;19.779765928159346
377;18.626895256043696
378;5.858953913034905
379;2.443306453620166
380;30.06296124064557
381;6.21429220185702
382;20.067673851166678
383;2.041839035454878
384;44.23760960360649
385;6.275495977025249
386;176.84766888601607
387;12.739517902959225
388;8.106285888863939
389;3.2010145580609675
390;23.1771244927904
391;22.3756009453133
392;2.245111038941393
393;8.429774893218426
394;20.22034442512154
395;7.477083464265574
396;18.62991601451999
397;13.275736033941035
398;3.822760546047088
399;29.502573053379493
400;4.187397898398364
401;28.514041841236725
402;4.329596789071432
403;2.1175527603324737
404;1.6553260533818506
405;27.802688636868268
406;1.6751739511124355
407;8.103995844302851
408;2.0896294804861104
409;8.25174615123482
410;6.963479928899529
411;2.979983856210843
412;7.074770791120857
413;13.251132154558102
414;8.13001655489296
415;335.9559627876349
416;4.8109605783971485
417;21.760481204688787
418;3.376058145847603
419;3.4062674882724275
420;3.5094270274707644
421;19.690806539003702
422;59.16414702688507
423;439.9765916334984
424;11.226497701085725
425;110.99489643384135
426;4.744235310071173
427;3.307523232405934
428;5.299617114133791
429;78.60174187006487
430;40.141534609351254
431;18.885780276926493
432;59.89603296326668
433;18.62971807850414
434;26.641271230350124
435;441.5200744964609
436;10.53192371672433
437;90.60133971412886
438;19.506035124827772
439;15.109744932255632
440;8.903775615335508
441;3.987281426942517
442;40.66743425661383
443;41.84003654619722
444;7.210148267943915
445;2.8608815179607636
446;7.048011048879098
447;5.643801027282624
448;5.659845650732192
449;27.94854250700356
450;18.354141824386485
451;2.0257077595951616
452;7.351692705130998
453;3.664924378756451
454;7.780945775075138
455;256.54879199832124
456;25.799756336396143
457;3.9065291474096875
458;8.15429843893627
459;16.507226465570316
460;7.5668084688902635
461;1.936500576823053
462;18.23242854928232
463;6.363174699129316
464;26.620334260591086
465;6.114924317801658
466;5.973405433404772
467;8.497877296058538
468;8.849998517631914
469;11.051869168331269
470;13.201172475783014
471;1.147752418023709
472;3.861413121417672
473;55.05045428808895
474;10.63590077655756
475;44.89506004328372
476;6.3929110229042925
477;59.60231039469287
478;2.2644009833030307
479;7.288509108325044
480;38.850000000000314
481;22.213533181048952
482;1.9992666134702441
483;7.273239684199267
484;5.226002117344349
485;7.498958604286274
486;8.186623780343343
487;16.010380641867258
488;2.748719602259531
489;27.771766926352385
490;4.343303366416244
491;8.407658693807464
492;4.668786621512366
493;12.551147831731466
494;3.1618363742146007
495;9.168680032765321
496;6.35999940025415
497;2.168011411778015
498;7.452563649918009
499;7.0023014804277866
500;2.503272972975641
501;3.756294148994979
502;5.772197132352905
503;18.61546543840625
504;32.603486447502064
505;7.448272724846393
506;4.613503435532128
507;1.9718772600099186
508;6.363355669176799
509;47.88240556000493
510;8.130014704175519
511;6.3219243823437585
512;49.66827898673007
513;18.88184995936288
514;17.392119382607913
515;151.77426719503802
516;7.012336248937732
517;14.239626820432761
518;7.365002869882218
519;3.2971573991757728
520;2.5458405557544794
521;20.90504430666882
522;34.282608379416814
523;14.486493355769255
524;19.39528910386041
525;5.122226991880623
526;9.196882074295498
527;18.640561761220365
528;6.208045152985137
529;43.69348458600208
530;10.107642499763756
531;6.3068748870178615
532;5.127002973713048
533;7.337043263972153
534;2.895760419909791
535;6.360000900073689
536;27.800299875337704
537;18.502374845728532
538;17.637128134692947
539;8.075944567118244
540;2.1049270617717473
541;6.435075967790381
542;5.27977893781415
543;57.89185347574854
544;5.3568253429797945
545;2.9586555196990605
546;7.191418031195712
547;67.40516388067914
548;185.39118229652667
549;27.4852889806319
550;57.23288673587366
551;5.352617208565001
552;18.414123298952234
553;18.61564661166468
554;12.258640356125149
555;5.807430943675549
556;4.351385458608054
557;16.475720784965674
558;6.774818893928024
559;16.44182772537049
560;8.78780420065449
561;8.68105319990624
562;6.363990261472368
563;17.325110570212825
564;9.874798937941256
565;3.2525792640586224
566;5.950082182823975
567;8.04890459729808
568;3.6068044648904354
569;2.3454624584015273
570;55.04009181663012
571;94.63694156037836
572;5.2518289691000035
573;402.37322896853755
574;8.568639845330637
575;19.920511339765973
576;8.592534829092282
577;3.1085649605423322
578;16.930000000000025
579;6.284280119725932
580;15.193822341393362
581;100.91212751899248
582;6.360000000000008
583;6.37420695571968
584;20.201787562983426
585;106.10212325309271
586;2.0027848304638036
587;36.29086754780729
588;13.828036080418443
589;4.436222942868009
590;35.823745488392625
591;5.508283398596823
592;4.313313951783562
593;37.379479790109926
594;1.8488713515001058
595;1.8378686544335068
596;11.432519264810006
597;3.706917193914127
598;11.573367474206663
599;5.7125329527446365
600;5.269999999999997
601;102.56956184943729
602;6.262916207897516
603;3.6310697886664642
604;18.62991601451999
605;9.293655912087686
606;8.908434648282
607;5.595576478808579
608;18.226069332588285
609;1.660000000000002
610;7.787216630416932
611;5.269999999999997
612;2.3762953638929267
613;4.2460735326638375
614;9.047955652059901
615;14.452889967341196
616;26.233981383951264
617;35.95777460737357
618;4.860847753752027
619;14.928989957022166
620;41.75916526450731
621;6.261780006546247
622;14.894683097061868
623;11.543214531443335
624;5.774769015128824
625;6.141508957746314
626;10.463121620805337
627;18.029292732077682
628;9.648662819760366
629;6.54827303569718
630;7.103741974678613
631;3.131318540359526
632;2.9642335327517237
633;16.02792125023342
634;11.68490848816849
635;14.425238719043902
636;9.634879408661826
637;16.54620730216227
638;11.930267197333553
639;51.14524560962727
640;8.863120351682104
641;3.3468250642941344
642;14.513625251365188
643;7.543832178973698
644;41.88408785401355
645;18.629989351007605
646;36.2806708503766
647;3.519291291661074
648;7.674546711985692
649;1.7628696388957337
650;3.5199999999999863
651;1.228345138592913
652;25.84593165445978
653;13.329357157542093
654;12.739117145550424
655;10.130000000000061
656;64.50613916045289
657;13.490650038155058
658;11.2607742179972
659;11.842474233624213
660;6.500874769047639
661;41.91684985217535
662;10.819462340997571
663;18.403335373583044
664;5.897838899001566
665;2.1831347960684115
666;5.597976346130811
667;2.982064530820264
668;4.158201797180583
669;17.10848998519258
670;5.912618616990781
671;2.3445779443878494
672;105.10740054816337
673;6.356188518685127
674;6.109133122170422
675;2.252740710329896
676;2.5493730576843046
677;4.9309694561714705
678;2.1011399756726825
679;5.80867690943997
680;15.115994422194865
681;3.27365885781838
682;114.35292175420128
683;3.766801531425454
684;4.645274629499674
685;14.972869616353112
686;7.57620359292536
687;4.287096303630811
688;22.984084040084973
689;4.886037933191708
690;2.9630093414753658
691;3.663169950141102
692;15.020014364256145
693;1.9174934347725583
694;18.599209434851158
695;1.7644577178849068
696;14.439372594960034
697;6.3189071711054865
698;7.352719949540916
699;38.01504264003503
700;52.50898246615039
701;32.94544850644202
702;61.73287057754265
703;2.175549943436461
704;9.863824697419169
705;3.1769938711133734
706;6.318913309106926
707;2.1016854042028035
708;12.334367797787017
709;6.808372556616296
710;18.644667455914966
711;2.6978169764706035
712;5.689304330357203
713;12.920000000000064
714;6.703918233627991
715;27.15043547286509
716;3.7841205063406447
717;22.68239129444473
718;22.24884862674326
719;2.2974013154690804
720;2.88919533197374
721;2.727453330889433
722;9.10700830561147
723;26.298275558567838
724;7.368437469486315
725;45.46767544992147
726;25.616638009160955
727;11.673598988346196
728;33.89516403644427
729;14.859999999999816
730;8.426087030908569
731;3.4481712301894842
732;5.4906950132189145
733;21.900186547425093
734;13.718983420024294
735;34.14093768151529
736;2.0967695046872383
737;3.521438627781245
738;5.446391770490935
739;23.709999999999997
740;2.9968207032008505
741;42.73650287623214
742;3.5102853730253285
743;4.255428097709841
744;6.359142184850786
745;11.562670445446425
746;30.278008748011185
747;23.709999999999997
748;28.868442122152935
749;30.00755974354328
750;11.17382917944242
751;15.330999728541416
752;15.633816772035404
753;2.037231329892241
754;3.1801379288917655
755;10.354917655478053
756;36.949566534971886
757;6.35999940025415
758;6.304405725331199
759;1.7346909477451837
760;102.79999999999994
761;18.54792074964985
762;22.04745645751862
763;6.035086276099163
764;5.501692869207832
765;17.134680101488378
766;9.063857841762344
767;3.5199999999999863
768;5.017842958159438
769;6.649229036827773
770;2.5600013676236344
771;4.973323553559655
772;26.807276720519155
773;5.205769108496363
774;20.017953510367004
775;3.6750367518266245
776;60.77541999130052
777;3.307552629644111
778;18.618195484443376
779;6.486272905118558
780;3.962971014894537
781;3.7229274698561383
782;6.346131991622412
783;3.7921793430352215
784;2.951808549628143
785;1.6477038074841506
786;10.971095330915904
787;20.149999999999824
788;14.4575183509928
789;3.7273860885398062
790;11.960004184019974
791;14.184525575642649
792;32.29684574695954
793;2.11231253258297
794;27.34798803618488
795;8.36000802438951
796;1.5659193594694965
797;21.23262518511969
798;7.977323039576883
799;80.15007120025247
800;3.0200340217360115
801;7.854511912096019
802;132.8355709511646
803;8.830932325341537
804;45.21963257424055
805;31.313914125224215
806;125.7082555988266
807;35.823745488392625
808;19.049265611587
809;23.709999999999997
810;250.68324427649745
811;5.787637870704733
812;4.809860285425543
813;30.991400266439104
814;7.674546711985692
815;2.2905899907121547
816;6.467873404093622
817;11.86042706884644
818;2.9307570887465286
819;6.982470878570638
820;387.04108336943466
821;6.171229540789349
822;3.1485902499986027
823;4.177202445027702
824;7.275537867270858
825;20.067673851166678
826;3.6818607650577038
827;3.7519151743657932
828;1.9442414353298396
829;21.960360590696943
830;8.809956409488205
831;24.530000000000157
832;20.70012027092831
833;4.8106000079501055
834;23.23189764424125
835;22.888586888214416
836;38.762063529525214
837;1.91629380941876
838;21.688877750612228
839;18.60944821351715
840;3.8340733816588064
841;18.15932225155227
842;4.114971501089244
843;18.787181970298583
844;2.414759012866443
845;1.9295021394623424
846;20.708245762031922
847;5.8705714118560035
848;3.2733897474700004
849;4.378452696937597
850;21.782320155753474
851;7.366206636951514
852;7.74087238209498
853;22.74252340001937
854;6.365569659343031
855;116.33413834436745
856;29.440543739990535
857;61.29799437900664
858;14.982973943587371
859;9.759985630862284
860;35.122806505122476
861;15.316434656266761
862;4.8790761363060176
863;3.348112292574934
864;23.709999999999997
865;4.322154047675053
866;6.890166336652372
867;4.155264013132911
868;5.062096303018292
869;18.59082357687917
870;15.285485431280062
871;25.989834071242452
872;3.2371141227550004
873;23.512655523410274
874;13.30065594389123
875;8.863120351682104
876;2.1032478034346567
877;12.680872114752777
878;6.451364960488303
879;23.84031361892651
880;5.977108009370816
881;5.125503643992676
882;6.067296308627002
883;10.891084013335398
884;23.709999999999997
885;2.50700752882585
886;3.5240258913038445
887;6.503874049342105
888;6.2522944620964935
889;30.947766854524296
890;6.280610684640857
891;8.910437627239904
892;1.8340037247048377
893;3.643935936699092
894;10.723014773678726
895;4.077826775463391
896;10.18483895628657
897;6.319431175425129
898;21.62481901189567
899;6.371767854003951
900;5.788905704267391
901;6.562704771190769
902;21.73000000000024
903;6.893060459174106
904;2.2939397706896933
905;5.285406534681794
906;8.767173199926718
907;6.164960640027208
908;3.6128541077116028
909;2.716584399327404
910;6.360000000000008
911;3.0244363706294934
912;6.3347715526952895
913;68.75728383624026
914;33.450647431149356
915;1.0799999999999998
916;18.389502588798276
917;13.710114580552617
918;7.916360823043673
919;5.34099109610642
920;5.862694390158547
921;8.236690959299683
922;10.899284888088495
923;29.233637160434256
924;6.242804565872578
925;3.370725503083773
926;299.834376090577
927;6.656722307574076
928;3.9016920971865683
929;14.829524624910272
930;2.479543170385542
931;4.364877460758655
932;5.361988255953124
933;1.7664254920574658
934;1.7622877551732123
935;2.15920369482085
936;49.02902469986915
937;19.811072115758456
938;14.70170195187515
939;2.948609357863218
940;9.33392056336261
941;22.142409531967886
942;23.23777381808435
943;14.613808732237755
944;5.887105590855884
945;69.61330816512059
946;5.518304969590378
947;6.399547942068488
948;14.805951513601576
949;31.48024906634925
950;6.8835960187749246
951;4.656748747272804
952;44.734610825819914
953;11.016281347085108
954;40.39271188700119
955;2.240035595016497
956;42.11964490240299
957;19.441831627138953
958;18.28419322233983
959;12.755883819459457
960;39.674638311063866
961;34.03626669810056
962;20.25175774355821
963;14.268487891622216
964;12.29728893743455
965;54.31348891535306
966;18.60479076325591
967;18.724003664439337
968;22.888586888214416
969;20.48865686322608
970;5.9905793536547565
971;15.353458289506362
972;6.561769423229641
973;29.304372616492447
974;2.323885876132038
975;55.24003554075831
976;6.067021653520854
977;6.73134542861475
978;6.574536033769817
979;2.952003025300096
980;3.8655026248456363
981;5.530819953129019
982;3.1121744539290934
983;5.751330188525641
984;15.644854494345852
985;10.355331795579104
986;57.84317137530958
987;14.244042581611192
988;6.32770120991014
989;1.5003574782170268
990;13.16086947954507
991;6.384956313817547
992;18.975457167745812
993;11.180128778142684
994;5.550266857410725
995;3.1065453964537157
996;6.155434990309442
997;21.982366955899238
998;5.908692011203233
999;27.499886785018063
1000;3.7770991233074493
1001;1.0799999999999998
1002;18.309452090875496
1003;291.9789290555302
1004;2.1462731625917284
1005;3.0281808268822883
1006;4.874374572090001
1007;1.4705356322741527
1008;2.3228799188399307
1009;7.010209708322431
1010;16.353610427916507
1011;2.928439113988809
1012;3.307103120791376
1013;2.0218994867729014
1014;25.37741764077009
1015;21.23262518511969
1016;18.609643230449755
1017;28.205577156891128
1018;5.830667256079621
1019;16.27101796315621
1020;8.869429659089095
1021;2.6881370329090357
1022;6.822722317083637
1023;4.958347178884092
1024;52.395002657330636
1025;15.360070644459288
1026;4.953347583832869
1027;18.987521946483753
1028;30.757544944768902
1029;6.504588451871405
1030;5.701302534583213
1031;19.956488134447163
1032;10.899292491126536
1033;165.05552289608266
1034;5.977108009370816
1035;2.103239689691016
1036;7.934755482383133
1037;5.649891947705601
1038;7.156584643914477
1039;6.197760060877135
1040;9.62354304917422
1041;6.496399467301281
1042;1.744138088671366
1043;4.335032548534291
1044;26.386286631770567
1045;6.35999940025415
1046;2.589419242927796
1047;6.642076329708459
1048;20.423763673951477
1049;6.18117331932173
1050;5.363062639574904
1051;18.57967398809091
1052;6.360000000000008
1053;9.660000000000048
1054;3.1198653590234082
1055;45.07469334213627
1056;22.13931153125323
1057;30.175617942214554
1058;6.356541186896526
1059;30.243686063678588
1060;9.638868337234754
1061;3.7145746479018946
1062;7.175112045183022
1063;2.055316475026902
1064;1.5634378740570574
1065;2.946478530446753
1066;3.991945190572344
1067;2.6887699538733782
1068;4.011558461937868
1069;3.4538038341689394
1070;6.709298330129707
1071;13.932375183068032
1072;3.919253770576256
1073;6.625927437538073
1074;87.8831463637658
1075;1.2423294993900826
1076;3.3290704912672804
1077;18.46458955391971
1078;2.9459897867217015
1079;29.089999999999616
1080;12.551147831731466
1081;7.85183796555844
1082;3.689019841233174
1083;19.072466515770675
1084;23.077965898327488
1085;7.375294258313522
1086;18.446747430163907
1087;5.537468840970939
1088;18.605082156323476
1089;6.338196441539021
1090;6.628230677065605
1091;18.62702469082703
1092;45.47296627762329
1093;5.617998292902151
1094;3.481240320501746
1095;6.176462473626755
1096;36.46692139621233
1097;3.9744659894188836
1098;6.701417380157068
1099;52.13095129738739
1100;21.341383789126994
1101;21.983467181397792
1102;12.602762448210578
1103;18.62926736457975
1104;35.66081847928859
1105;26.360616193945184
1106;22.49911216004248
1107;2.46684608152107
1108;39.99556529200864
1109;5.9496758363822835
1110;29.78238891320057
1111;2.2356797948067206
1112;8.041706257007695
1113;8.219883305809944
1114;6.0197407856292555
1115;1.5216123310810958
1116;6.359999211357828
1117;1.4840993540460172
1118;1.879999999999998
1119;1.9023138673552031
1120;6.76057168440577
1121;26.385582558710993
1122;88.95252387207502
1123;5.989516036335502
1124;42.539093467237215
1125;7.901401875336303
1126;8.519535250068706
1127;19.00361204604906
1128;2.358488898262242
1129;5.299411337613239
1130;28.015214071358773
1131;3.6375126447271344
1132;7.135871261147527
1133;23.34518548899254
1134;6.615718312426837
1135;2.2842446866393518
1136;3.6812323192572074
1137;1.9360032520469912
1138;5.358004314413872
1139;5.850185297267562
1140;15.32549887740208
1141;6.364128329923066
1142;2.473764603928509
1143;3.041674035127184
1144;10.272678697870669
1145;3.182126979010155
1146;5.968803288318311
1147;8.312643539796355
1148;8.88410529812834
1149;7.74484895552525
1150;23.198409448724405
1151;4.375605597229751
1152;12.742411218583268
1153;2.6749762932117305
1154;18.391807766855457
1155;7.710863683341604
1156;3.829673119631719
1157;6.3134933949322125
1158;10.11467231694606
1159;7.429026701440498
1160;8.288020286947873
1161;18.63485592435945
1162;1.737947158971516
1163;6.3523614254337515
1164;15.112459256009355
1165;5.848818270251622
1166;9.217726076600764
1167;46.80917607570794
1168;5.982604226290343
1169;10.130000000000061
1170;110.79181241019353
1171;45.32273869844511
1172;14.358015340275726
1173;5.6002506591972425
1174;6.922059255058206
1175;19.337980835246956
1176;8.117974330413515
1177;6.345541406666773
1178;4.182532816851462
1179;9.675380096465657
1180;3.7484906273854093
1181;5.8268699366137096
1182;18.237847377997117
1183;2.60123405312801
1184;4.818581268390006
1185;2.9947136074998477
1186;7.393270512370569
1187;16.946932624113746
1188;2.5844133756769008
1189;24.80435664445936
1190;6.089763348514306
1191;333.2624347636873
1192;7.021909801197396
1193;7.93115095953909
1194;144.92999999999716
1195;4.315841542225591
1196;13.024087509996797
1197;23.709999999999997
1198;4.303094580650894
1199;1.879054215496263
1200;28.824315356406217
1201;40.58414232625115
1202;44.80661533863452
1203;22.89185490091246
1204;7.450086797916237
1205;14.430085964605508
1206;40.48879036760105
1207;9.555544288847852
1208;5.552565688371776
1209;6.402762972883651
1210;14.815178414228205
1211;5.261094518429024
1212;17.441620203776537
1213;11.823447781230469
1214;1.882240646376579
1215;16.88506570225235
1216;1.5174133176508926
1217;6.283740365822539
1218;7.432472783431377
1219;5.520721454888665
1220;26.1183502370113
1221;2.045456432324587
1222;5.782812437506237
1223;5.714920695981155
1224;383.56879501570916
1225;9.31320683214787
1226;12.91910927806831
1227;10.84315392785027
1228;2.0293957433449266
1229;7.521059092642741
1230;5.157557754118019
1231;4.869733796084269
1232;3.8998104216025666
1233;18.538521537462056
1234;12.01108732747056
1235;1.5623354668847276
1236;5.27820514268972
1237;2.16945085108053
1238;14.4575183509928
1239;5.158634082094684
1240;1.0802920024624854
1241;10.96260853332664
1242;4.76353353409142
1243;3.010569840014933
1244;5.513630086103881
1245;36.74281942122578
1246;3.4736541215916072
1247;8.809956409488205
1248;14.503527281525908
1249;13.449758963796729
1250;1.7805309077850526
1251;23.709999999999997
1252;7.129571960394214
1253;6.361392098421281
1254;19.95529793492554
1255;2.3106547074535806
1256;3.192196803067946
1257;28.455089052691292
1258;2.967320281394007
1259;20.423763673951477
1260;3.8647842899699993
1261;5.261094518429024
1262;42.77658768395569
1263;10.060809167745779
1264;10.040568553369472
1265;4.052441105339991
1266;6.33819565560049
1267;24.091002496347066
1268;2.900720160072501
1269;126.77977173945771
1270;326.71469870898994
1271;1.0802920024624854
1272;6.509176500094685
1273;3.776636524462023
1274;4.352461610279925
1275;46.679671279895736
1276;3.7750459264052147
1277;2.3243854605392933
1278;2.2286034902725023
1279;3.7699999999999974
1280;1.229842848155642
1281;6.360000900073689
1282;4.219171054813114
1283;6.325892918292374
1284;6.30371507290694
1285;3.2551542884955476
1286;11.324341925340901
1287;12.920000000000064
1288;17.143302463478282
1289;21.03576874177244
1290;3.519291291661074
1291;5.761643644383329
1292;11.630816947196166
1293;3.5449218215480074
1294;62.1482888273652
1295;3.551628876433448
1296;1.6254599923875945
1297;6.37420695571968
1298;18.62891118949049
1299;43.08618453038611
1300;6.609883037479738
1301;5.031212452683942
1302;1.7893610071214592
1303;14.787521040427569
1304;11.569092900014338
1305;10.261316192861761
1306;3.954462210363434
1307;8.030449932116177
1308;7.295349384829827
1309;6.104889369138033
1310;2.0065042466760357
1311;14.128161789993593
1312;6.35999940025415
1313;7.1168302558375345
1314;8.511577846826638
1315;4.895242761666289
1316;415.48553708802217
1317;3.2113991540554134
1318;7.831813337476093
1319;17.30018688991067
1320;17.950700760370196
1321;2.626595241771052
1322;3.8857627487883315
1323;64.97808885936794
1324;17.363277293308702
1325;52.882146352772
1326;22.606705178044887
1327;1.0799999999999998
1328;1.4988835396934905
1329;25.914132514843168
1330;7.419570789444583
1331;49.14294685971756
1332;7.866029148860747
1333;19.70587890023114
1334;29.084190111022803
1335;11.904777346753534
1336;3.3658284574301267
1337;2.0759357480664913
1338;24.800163954125576
1339;6.122663259131121
1340;3.573664951846686
1341;6.280142797662041
1342;48.74879717232855
1343;437.62663018716194
1344;240.75432190491983
1345;13.53758345463907
1346;35.62012620861519
1347;18.62896689468808
1348;11.98844951649847
1349;24.049206129208635
1350;66.28755939281731
1351;20.82662934860217
1352;3.6434744779685473
1353;4.290238481701402
1354;11.850922898389927
1355;4.656794302066099
1356;22.632297955142207
1357;19.929945551336353
1358;4.03070898677242
1359;2.1686320887167856
1360;15.50702308713258
1361;2.538135404408748
1362;10.432605658927045
1363;17.426198283541172
1364;7.419358113058966
1365;8.13001655489296
1366;11.6529804272707
1367;36.89412904836323
1368;6.239357617017225
1369;5.324379896525914
1370;7.720635870940358
1371;2.8761901427382073
1372;44.45519234527776
1373;10.588296070999574
1374;5.097337640951271
1375;3.258316517581795
1376;3.926411299739031
1377;7.307271054417938
1378;2.912399551629232
1379;1.6324710628117096
1380;10.922412674814
1381;17.679671257001846
1382;11.410000000000037
1383;16.79538961504322
1384;28.289139104934787
1385;6.485434701220742
1386;14.428502227393459
1387;18.644667455914966
1388;18.601514011578733
1389;157.72128893349583
1390;11.921685311625101
1391;7.055145670074072
1392;13.415438474000597
1393;12.504708069907197
1394;16.178234852621298
1395;10.951803856678552
1396;20.744385782326074
1397;7.057966963089262
1398;8.293080992045324
1399;26.148145992500293
1400;23.709999999999997
1401;3.4145959096998184
1402;12.904758938166937
1403;7.694659755586398
1404;2.87501267023839
1405;6.8592406353504405
1406;5.3487073923754265
1407;9.425818093764864
1408;3.6338838717683024
1409;11.99876218922196
1410;9.047955652059901
1411;34.91807923365445
1412;6.381001880056568
1413;7.139553748886307
1414;7.500149171971693
1415;41.08107924131596
1416;2.0483067170137077
1417;6.3523614254337515
1418;75.05263009581442
1419;5.205380307232794
1420;6.386414963097386
1421;18.623666189363565
1422;52.615221309984385
1423;3.302554345246177
1424;1.2909543778478476
1425;6.126035453669512
1426;5.825412864265581
1427;1.9991133858346393
1428;3.7567460159804718
1429;15.112459256009355
1430;341.28766856906503
1431;66.28755939281731
1432;28.245209523974033
1433;5.143665286972458
1434;40.81755996468532
1435;4.229684213848046
1436;13.639318877411483
1437;32.51355243813324
1438;150.733988721747
1439;46.02891551514408
1440;2.5514869020877784
1441;3.2803322610416243
1442;36.89412904836323
1443;6.415473421182295
1444;2.258541851452292
1445;7.077527205991695
1446;7.033226457641033
1447;3.7375449743610916
1448;2.8591722821296544
1449;58.805193296698356
1450;14.39428154939721
1451;15.68491337924212
1452;6.1066772885791805
1453;4.820000000000005
1454;7.0023014804277866
1455;5.735691992465656
1456;28.99324149452316
1457;1.9575311634275927
1458;4.11224129223234
1459;13.731506354086752
1460;3.9579589342969252
1461;3.116090454042456
1462;7.043428993120601
1463;9.503318670163049
1464;6.512793191587514
1465;11.29383188642049
1466;3.615809802529431
1467;3.954462210363434
1468;3.277578980010844
1469;10.675114754881982
1470;40.23899342468697
1471;6.994886458631478
1472;3.88230342142128
1473;8.120037060324886
1474;18.968996724873968
1475;21.980552583977754
1476;7.123395392974865
1477;11.587043021141316
1478;1.871246077274526
1479;3.26582330638073
1480;6.346131991622412
1481;4.67189397909498
1482;4.590934240127513
1483;6.37104058592936
1484;17.415900888426016
1485;126.49344865342647
1486;1.8419412822850942
1487;22.977102577570708
1488;7.5082932823279505
1489;100.69063727461116
1490;10.92315115313061
1491;32.4499830120382
1492;2.0122152721882336
1493;1.9822647201846693
1494;4.804047898303854
1495;5.741569892805795
1496;10.262691054102918
1497;1.56612757803888
1498;1.204282971952029
1499;1.8849996147303694
1500;14.594856833822211
1501;76.59627378012985
1502;8.13001655489296
1503;6.360000900073689
1504;5.049105090114371
1505;12.985905177343465
1506;110.15049005384753
1507;6.913874492428868
1508;7.097827074462778
1509;1.5650450144988253
1510;3.575406384898119
1511;2.468852444079686
1512;2.9810047327316775
1513;3.6558116073309073
1514;26.5483013939857
1515;4.102199595563367
1516;102.79999999999994
1517;6.981815759908478
1518;14.10262463971961
1519;77.00257716513497
1520;4.023223078091257
1521;8.09292179973312
1522;41.71388388622191
1523;1.7643821103646262
1524;7.20479042943429
1525;6.449321531965522
1526;23.709999999999997
1527;6.993327261886363
1528;6.1822054974422755
1529;5.704159302325543
1530;3.608360296507
1531;48.681470147183084
1532;17.746294651285492
1533;8.78780420065449
1534;254.01140729576662
1535;18.57220904284429
1536;7.462870471189641
1537;4.291815471825767
1538;2.58766780782314
1539;11.353280352601315
1540;8.088960112192456
1541;4.3975024707289725
1542;20.130000000000322
1543;13.450000000000067
1544;2.3893143459090083
1545;1.9435238592470228
1546;1.1155585461083954
1547;7.399865903219944
1548;8.610643856394256
1549;17.763986959684864
1550;6.353668152920432
1551;1.5760116535201751
1552;1.8671357781071014
1553;38.764169723763665
1554;6.261786045974298
1555;2.5564527730011615
1556;35.244785921385464
1557;2.3441844581199347
1558;5.9357277813637825
1559;8.782990885526779
1560;8.21130635981347
1561;8.421440481323135
1562;2.2645371097251417
1563;1.9549542680151426
1564;1.7997038018762954
1565;6.376257856538188
1566;4.544735119905097
1567;4.468455147181672
1568;18.498671216719362
1569;9.27770428943344
1570;20.149999999999824
1571;18.578739526011976
1572;21.458105555311985
1573;2.9643667411793095
1574;5.78124321610624
1575;7.199063435172848
1576;9.794463889229029
1577;2.8714798232585763
1578;5.698562799769892
1579;6.911262823033976
1580;2.127354004733904
1581;337.8374021334178
1582;6.994886458631478
1583;2.9483552766447017
1584;5.306989329004958
1585;13.835533486191483
1586;112.60990037209098
1587;2.057105637313893
1588;1.247145259468239
1589;8.455319402262722
1590;113.83706934562329
1591;2.5215917361941376
1592;113.18795841393381
1593;16.575356424664463
1594;54.24905785855859
1595;17.623187017655578
1596;4.258138053145555
1597;2.0175489106553584
1598;1.3352897787011044
1599;8.13001655489296
1600;13.896294465412355
1601;8.030449932116177
1602;5.347135140521083
1603;1.6959758624640742
1604;15.360070644459288
1605;151.6969408295285
1606;31.83894234721416
1607;3.258807097686548
1608;18.79434316512842
1609;20.162933422450994
1610;45.12619614776226
1611;4.645274629499674
1612;8.554239400119357
1613;6.302801053770181
1614;4.229684213848046
1615;5.928555329235065
1616;12.49893490280582
1617;164.88339978107942
1618;15.26879480377693
1619;4.617419010600559
1620;8.742880595040472
1621;2.270768228776734
1622;15.424456821466356
1623;5.909432113338613
1624;18.596376464452288
1625;4.952014757327623
1626;4.618759573750976
1627;5.218122457236541
1628;18.58637015252234
1629;13.061012146285787
1630;6.204146409324258
1631;15.024309312048704
1632;22.306226771553384
1633;23.766638259523965
1634;1.7269829582681455
1635;6.880820855649686
1636;8.570066365428813
1637;1.1784831266502431
1638;6.321172394691631
1639;55.04009181663012
1640;6.950704538788343
1641;35.14391163386271
1642;6.029410091027571
1643;1.5208059518700165
1644;6.662397973328573
1645;6.87971686791162
1646;1.8544149539471368
1647;45.776246244199925
1648;4.895242761666289
1649;23.11198234703106
1650;5.189528086569995
1651;6.3377002180254225
1652;8.008263870757867
1653;14.859999999999816
1654;20.248867360291438
1655;3.548484428068178
1656;3.642627416549991
1657;6.790338367228991
1658;1.7667351360120644
1659;5.801510482399893
1660;19.127394633439643
1661;3.8117414376959147
1662;2.3687040845945733
1663;2.593470495941356
1664;24.971288260388956
1665;10.442869411007011
1666;3.249406985205027
1667;4.676389164465611
1668;11.249932728606698
1669;3.393587697416983
1670;39.1714061982164
1671;1.4605747672648093
1672;9.804487050855135
1673;7.176269976225508
1674;6.3639298345891
1675;11.871732744444788
1676;19.362927835194515
1677;11.409690113104173
1678;9.493610834114087
1679;19.994557313429677
1680;3.808877483956304
1681;20.527328393043295
1682;5.556779818050486
1683;14.934963604501378
1684;13.412592634820522
1685;3.7753564678336544
1686;17.141578807232566
1687;2.5263432861232005
1688;305.2073347402109
1689;6.378569980315168
1690;8.216348355816562
1691;5.217101981304563
1692;13.746476891303201
1693;5.977924220689484
1694;2.5098776754324006
1695;4.956915032492809
1696;44.76384161751806
1697;7.193100871985941
1698;7.923930144662439
1699;5.819079745780218
1700;3.7402996824745998
1701;10.499361937839142
1702;37.59005376661014
1703;2.0916166292405
1704;18.61637521798894
1705;20.883915450396373
1706;4.914360533968831
1707;2.6545840690586617
1708;2.9041009107506444
1709;7.449051940323204
1710;3.728096263927029
1711;4.6119747206432935
1712;55.05045428808895
1713;6.4893421858024265
1714;4.840087237301015
1715;9.782154087118064
1716;20.718841908404755
1717;4.874374572090001
1718;8.633821162317796
1719;18.20218639989962
1720;38.47606654710052
1721;3.957010879563847
1722;4.301350482306911
1723;9.660206769274529
1724;66.28755939281731
1725;15.190766504561406
1726;10.329653015335431
1727;28.445415507738655
1728;166.1376234132713
1729;6.394959439882324
1730;17.105177316274943
1731;10.477562076185544
1732;2.1326588230921395
1733;30.971692979623366
1734;9.81115960861447
1735;39.05333842604603
1736;1.9647927485603194
1737;7.684361567776853
1738;14.141867383603287
1739;7.2320855966592354
1740;6.9216951629499865
1741;1.7659968206796712
1742;2.4075013933401297
1743;4.461011759009159
1744;7.389218639715824
1745;3.7131715896439728
1746;5.263141220797922
1747;6.311282090812885
1748;14.959246855908836
1749;1.7092143207903086
1750;13.829924529066979
1751;19.87130988558771
1752;32.93773352067756
1753;5.547310672487653
1754;7.793232257692005
1755;22.08176063453549
1756;10.986941447157562
1757;18.629989351007605
1758;2.0566361847770507
1759;18.435494101829974
1760;4.812869242477309
1761;3.8285020823816205
1762;27.988506174919824
1763;16.30760439949407
1764;1.5641070696445187
1765;5.422404287056261
1766;10.246125828588772
1767;13.190000000000145
1768;32.468930137084236
1769;6.102411454024786
1770;3.030019165362238
1771;18.611390789675237
1772;4.5048190591699075
1773;7.619015754314287
1774;1.855894602119463
1775;4.427363566511825
1776;6.1644533932806
1777;3.079350146114678
1778;5.327419204782545
1779;58.66250912858467
1780;8.08638666161224
1781;21.982366955899238
1782;91.81891036470341
1783;21.9114602066076
1784;13.190000000000145
1785;10.921513596428271
1786;15.168872644005875
1787;14.62882748661065
1788;53.64195607529812
1789;13.613278252504374
1790;3.114944678004023
1791;1.8574552294724276
1792;9.673053569181121
1793;11.587043021141316
1794;18.57220904284429
1795;55.731767496339394
1796;6.12596000132966
1797;21.341383789126994
1798;3.9687200694613876
1799;10.507830492094623
1800;6.2683483347942985
1801;7.77071709647721
1802;25.41514911906052
1803;29.995286563349993
1804;2.103955908966755
1805;65.51051618365406
1806;2.973181641314163
1807;11.410000000000037
1808;26.528213398411296
1809;11.17382917944242
1810;3.48120994138537
1811;6.05043235200786
1812;2.999611344154353
1813;467.46948199573
1814;9.71997964380471
1815;2.116966197121024
1816;6.336841292269444
1817;65.92761904458993
1818;7.306131467674496
1819;34.341394547540496
1820;1.8433880007051766
1821;6.347645001092707
1822;16.266218623012815
1823;16.930000000000025
1824;4.20493398592823
1825;133.80538774109857
1826;3.5354460063384847
1827;3.525116070870127
1828;10.395229542349542
1829;7.609323048125209
1830;1.5912973745651313
1831;26.64864857919743
1832;1.4547601261365322
1833;1.5610080764028695
1834;6.3600016887160775
1835;1.9084822148357636
1836;6.814021596050275
1837;7.103900229574307
1838;2.862989542782446
1839;146.26746120153575
1840;3.353657699721988
1841;6.622496408149116
1842;23.709999999999997
1843;46.3195223299069
1844;6.612705603100804
1845;4.874461011796392
1846;1.3705615824484703
1847;8.745673968534058
1848;21.147591744740726
1849;1.7190324263944934
1850;2.1175266491126896
1851;48.78927130038475
1852;52.13095129738739
1853;13.636773564321201
1854;7.836622748071619
1855;6.220484170172083
1856;4.814555606886724
1857;5.347135140521083
1858;2.5559028194573337
1859;17.659864286924734
1860;5.08667559503053
1861;193.86494874935372
1862;24.852929040362937
1863;6.409566181306231
1864;3.0709674831667675
1865;17.481538973602497
1866;2.872121973133421
1867;14.884632836257365
1868;22.40199348029107
1869;30.370756163276706
1870;22.40199348029107
1871;16.18473466075011
1872;6.539040617323583
1873;28.462166963710235
1874;3.1497848819681784
1875;18.48392098272027
1876;18.268030863793562
1877;33.032088736739496
1878;20.03742306018876
1879;99.03637224578941
1880;4.533835945215334
1881;19.38629981906512
1882;6.556366189592604
1883;5.487805911895367
1884;4.096622606964878
1885;291.27388851247997
1886;8.11196816777896
1887;2.0210166456669683
1888;2.727858243163174
1889;4.443861818917685
1890;12.406079875958454
1891;8.511577846826638
1892;69.93370312475462
1893;293.8859134593586
1894;17.172564538881634
1895;6.149300030031571
1896;5.853580998638861
1897;9.040392655296925
1898;1.9583729744546656
1899;61.633072058225174
1900;6.731885498990842
1901;8.076516125921318
1902;18.271140345621017
1903;12.092995391544994
1904;21.05313311749481
1905;14.572791186394777
1906;23.627020043551305
1907;4.567069580879825
1908;37.05016413619512
1909;3.5889573607543124
1910;7.336088125839448
1911;211.29083363805648
1912;18.439457343536333
1913;4.125504551164401
1914;3.6151127869424524
1915;6.35999940025415
1916;11.58048210260701
1917;15.20750157113205
1918;18.378745553217797
1919;19.215293360647987
1920;7.020160949335194
1921;18.61564661166468
1922;27.499999999999847
1923;21.009881398300095
1924;5.4695555475045445
1925;5.285579300951173
1926;5.2518289691000035
1927;5.527695922184395
1928;7.606930811205369
1929;18.570638165052603
1930;44.14966411332006
1931;132.42467221253978
1932;2.5223894244026646
1933;15.703033499746462
1934;19.989624053599456
1935;18.43940825562938
1936;2.6227539895360823
1937;1.5843083589003153
1938;1.497759867077387
1939;10.868490448551183
1940;7.265773505966125
1941;25.61534985494714
1942;27.499999999999847
1943;10.339830986922815
1944;18.274699840758426
1945;3.947665169883724
1946;4.201742822359729
1947;10.607293902866093
1948;8.868996527311138
1949;2.0369950117538735
1950;1.4141796976414909
1951;12.924630870419534
1952;91.435737992997
1953;4.7383043989068945
1954;29.534056447857584
1955;7.7299999999999445
1956;1.0841665494444412
1957;3.523596037613739
1958;2.1990474790884873
1959;4.339207319207153
1960;3.6127391340935744
1961;7.769987328634275
1962;129.78570419187685
1963;4.655756273817124
1964;4.44201787659583
1965;1.5520666442723672
1966;195.36500507349544
1967;3.267996996029393
1968;16.572255235324032
1969;6.563321490729039
1970;3.6832034073860345
1971;24.727689388423837
1972;210.2499999999987
1973;1.228345138592913
1974;119.58607214017988
1975;22.30260720524319
1976;18.306287406964167
1977;28.455814787196587
1978;18.229150919445292
1979;14.320392966073511
1980;1.9822647201846693
1981;6.084097183370414
1982;1.4968865603480221
1983;5.275683397940327
1984;7.961764868572538
1985;27.672624988403438
1986;2.1209401068388214
1987;21.576127744553006
1988;3.299298739100879
1989;5.678731014361904
1990;6.515780475196631
1991;3.857156833995026
1992;6.791329004127923
1993;3.1487217814722563
1994;56.41522117999073
1995;3.5885402178710524
1996;2.279642526279247
1997;47.59085400227433
1998;7.70368185635181
1999;4.249826819059747
2000;14.49721522279056
2001;16.727201419302418
2002;6.29692225692473
2003;4.394190249355329
2004;10.501699363942391
2005;4.963006843099693
2006;2.6171262990453386
2007;14.942889974004753
2008;8.14622794243084
2009;202.1207583051363
2010;4.615763329229965
2011;14.572791186394777
2012;249.42763485122885
2013;45.82478209340051
2014;37.18356683903958
2015;10.463121620805337
2016;5.790344862236472
2017;3.517956772775311
2018;31.81868856498378
2019;7.530459594828129
2020;6.312586981143312
2021;31.843994463642158
2022;7.826237460324588
2023;25.802825611234656
2024;18.603096837280383
2025;10.798000286925932
2026;38.82609400639196
2027;4.689840772332578
2028;35.02031434411364
2029;15.319999999999869
2030;15.190299101656777
2031;59.60231039469287
2032;16.461439345332685
2033;20.190637760834488
2034;6.213594185348586
2035;6.311388097844042
2036;6.249334020250217
2037;4.105805124065482
2038;7.555682955298872
2039;6.388598364069413
2040;1.4547601261365322
2041;3.0454824452416855
2042;20.149999999999824
2043;11.842474233624213
2044;2.933669323335349
2045;3.2143411969183506
2046;30.68570483484696
2047;7.669996820081644
2048;8.11196816777896
2049;1.0841665494444412
2050;25.31352193824943
2051;3.921853897957628
2052;2.426821173460514
2053;37.27400372987323
2054;2.9669744456539107
2055;8.019145199501835
2056;3.093385117380628
2057;2.2155275513338197
2058;134.14601564695664
2059;10.7786262131994
2060;36.78564736543642
2061;15.319999999999869
2062;7.540323947897934
2063;7.2230812252499055
2064;3.6007569299375333
2065;18.58637015252234
2066;18.900488362760658
2067;21.341383789126994
2068;11.182867437372426
2069;10.339830986922815
2070;15.786135055363774
2071;17.763986959684864
2072;18.249570080817023
2073;28.641198443780862
2074;64.7300288544647
2075;5.660959199341918
2076;5.96441689504228
2077;5.181440465707875
2078;8.724844174459273
2079;3.860439595642945
2080;18.975457167745812
2081;6.821558976321178
2082;1.4433611249711675
2083;16.38113460784218
2084;3.6581145947042466
2085;8.312138515212098
2086;27.688436616513098
2087;6.370823460137556
2088;18.324383394591365
2089;11.688529638026065
2090;4.28663976976974
2091;3.0240483303217127
2092;6.367361215155104
2093;12.54599925571573
2094;6.366307198628833
2095;8.114858766855978
2096;34.79908372068078
2097;4.393082412857434
2098;2.3077194165383124
2099;33.48817461611387
2100;13.6586978073837
2101;11.38443941586509
2102;5.593440339381164
2103;3.822883462865399
2104;4.7518248756526535
2105;5.565309804291355
2106;25.41514911906052
2107;6.55071651243832
2108;75.9326769695838
2109;29.61377977080712
2110;21.422190524796058
2111;4.630080992055304
2112;1.855894602119463
2113;29.21926605668967
2114;13.469598104468314
2115;2.122290074707405
2116;1.7172707134502228
2117;102.14429362055263
2118;6.823183031094299
2119;5.980222066145398
2120;58.2281680939726
2121;18.62232070571235
2122;1.0488593932543742
2123;6.306877094603649
2124;7.139514934064832
2125;3.6252351975499257
2126;4.2460735326638375
2127;4.020067562248267
2128;19.277441149584973
2129;2.691084683749761
2130;7.139514934064832
2131;6.403919300277016
2132;12.532641536439105
2133;134.81755075891405
2134;3.7972509725163484
2135;4.397499848212386
2136;14.56367525778499
2137;23.709999999999997
2138;4.849942348684379
2139;2.3599668890280308
2140;7.715078477684678
2141;5.195475577287024
2142;6.30158108882337
2143;59.892193421953365
2144;8.17955810734113
2145;2.2120671753907106
2146;100.69063727461116
2147;3.6768243277413752
2148;3.2411071407130208
2149;2.0727336121490976
2150;7.7030369955950775
2151;5.446391770490935
2152;6.340820587539622
2153;5.414815553820511
2154;3.5806188951851734
2155;43.039999999999424
2156;1.6610332911082681
2157;34.70307406694858
2158;4.657259230883491
2159;2.6400408897582097
2160;3.6026915445544243
2161;65.62263388443787
2162;10.477562076185544
2163;8.844418128178855
2164;3.7650158262574474
2165;9.494908838973876
2166;15.205315010689429
2167;5.41665264416947
2168;9.4970301821675
2169;65.65052473003615
2170;135.17521954876997
2171;6.768661468055544
2172;6.358202606906125
2173;11.32053013851542
2174;6.932397993784155
2175;23.709999999999997
2176;3.472239675132266
2177;8.448706234805549
2178;2.946783810486884
2179;34.904737043112966
2180;18.11719391675136
2181;4.902543232113099
2182;12.504708069907197
2183;11.455372051059024
2184;32.74404568701449
2185;3.6818607650577038
2186;7.8814990446234106
2187;8.47631725129279
2188;22.663333265578938
2189;2.6301599725430123
2190;14.459702116016615
2191;3.6935137686298565
2192;1.332803894443106
2193;18.164422249318505
2194;100.02904366941932
2195;109.12513354287363
2196;3.904589032184434
2197;3.9469394698803324
2198;9.924391522841722
2199;97.27636065434143
2200;20.114417753594083
2201;5.985421968801976
2202;42.69574901805988
2203;30.37479761590857
2204;7.625952365265929
2205;2.6551604149116548
2206;8.541738304755748
2207;2.3104239752435487
2208;2.3903760066530397
2209;7.486858137251632
2210;1.9972166031430636
2211;1.77235683861222
2212;7.5279074699604465
2213;6.35114736486117
2214;4.884594404362802
2215;18.778822488187924
2216;24.811881425508087
2217;14.859999999999816
2218;16.68195481124152
2219;3.7716791039015796
2220;6.179715464204766
2221;6.3678128108314604
2222;1.8481211093513439
2223;3.2651091309561107
2224;3.643935936699092
2225;40.67906798535001
2226;1.565739673897865
2227;4.435739585654422
2228;4.42721314732244
2229;6.18117331932173
2230;29.655596207111273
2231;37.818697781850155
2232;27.162982973523512
2233;2.043874843234754
2234;4.185667235259745
2235;8.704309571920767
2236;12.125031711498444
2237;7.695610839257768
2238;7.140025728525863
2239;18.47076752657258
2240;16.525515119859524
2241;18.205766192586342
2242;7.813074639419559
2243;42.77658768395569
2244;206.5422065494494
2245;8.13001655489296
2246;1.4189682550166056
2247;2.4550651902049023
2248;6.447851500688627
2249;45.49355563847064
2250;15.246963272081883
2251;7.307271054417938
2252;7.272552170679013
2253;10.395199939516651
2254;4.403832424218813
2255;5.4260993583702115
2256;1.912530439834105
2257;6.323816861858721
2258;22.284566262752268
2259;184.71943587195182
2260;18.58025814521247
2261;3.894998201192257
2262;2.9815785452433037
2263;3.596076356858338
2264;48.55808362062164
2265;11.11229757973192
2266;39.05190754292294
2267;18.577021396391608
2268;2.1133797139449113
2269;6.448136274264671
2270;7.8718305377081155
2271;2.6128086779760626
2272;12.191844072812547
2273;15.985531067381208
2274;5.974021611886256
2275;22.02873978872184
2276;1.2909543778478476
2277;6.699937760133188
2278;18.607911076399816
2279;10.160693225467874
2280;1.0879795584961283
2281;6.332922554877759
2282;4.087084576838109
2283;1.7284640327329452
2284;16.676925380069466
2285;18.104460636446333
2286;27.729357252613337
2287;18.629918399304085
2288;1.6254599923875945
2289;25.55775903367757
2290;5.6019476211105665
2291;1.405457484265892
2292;26.80651819206306
2293;6.982470878570638
2294;1.2656298122068446
2295;4.373633049236825
2296;2.4745548646547
2297;28.969535351239784
2298;25.605440838532807
2299;15.415934093705957
2300;15.91982292891452
2301;11.847230687097294
2302;48.64573401345988
2303;4.313980983189596
2304;2.9658050041176423
2305;2.505058335380191
2306;6.860388060118676
2307;9.358485536010997
2308;18.262318306902362
2309;17.660842976123128
2310;1.9306822266862582
2311;54.013543730182
2312;1.5705713499882095
2313;3.7957850864627116
2314;13.415438474000597
2315;18.617263186371005
2316;8.781468404693433
2317;5.707325877057142
2318;9.88889776908107
2319;52.78003576586245
2320;10.437978190448208
2321;18.58718671031783
2322;9.766782021743868
2323;3.642865787991777
2324;5.005146314841289
2325;23.122820746568937
2326;140.36688221913766
2327;14.712624764553095
2328;17.856904693009078
2329;18.467848611357862
2330;17.924215414005932
2331;1.4640120050978387
2332;7.570409227118355
2333;4.861467052968528
2334;18.69273771317159
2335;2.245631439986942
2336;10.171942278965753
2337;13.450000000000067
2338;4.187397898398364
2339;1.7967936779552034
2340;4.960001238585887
2341;2.0635423603650245
2342;7.773036412104547
2343;16.24249960683959
2344;6.337290740338821
2345;6.951116307371759
2346;2.213023334420653
2347;2.085713870635628
2348;1.7331290702004718
2349;6.0786667351242745
2350;33.96148456871123
2351;6.2208185202032285
2352;7.7299999999999445
2353;17.29667657443172
2354;5.269999999999997
2355;584.5922278404627
2356;21.82107332279453
2357;71.14114424423788
2358;37.516702573297145
2359;23.709999999999997
2360;3.8623702583747956
2361;37.88998993755264
2362;26.046114488002157
2363;3.5516991982687283
2364;7.583071754627089
2365;38.850000000000314
2366;7.259324993383779
2367;1.6848943040146627
2368;11.74584882612614
2369;11.653825343085858
2370;2.529270507459588
2371;302.7236247841507
2372;2.088266160268521
2373;18.62991601451999
2374;9.609814105200224
2375;23.709999999999997
2376;35.823745488392625
2377;9.123013221733952
2378;4.665552004626375
2379;17.4553889987703
2380;4.79852328801949
2381;3.805596837563658
2382;10.499361937839142
2383;7.776083360195892
2384;14.579420065489241
2385;2.1722161330066228
2386;24.819401961674583
2387;512.8101879397201
2388;3.6569615063992478
2389;3.281801856187473
2390;3.851821256806284
2391;18.066600704614633
2392;4.590934240127513
2393;3.3769007943131113
2394;3.1648465988321344
2395;2.201432186952607
2396;6.409217841199728
2397;2.173746699536393
2398;86.44881616644719
2399;9.356790087429362
2400;13.50605348770812
2401;5.700978438687755
2402;3.7265182678208406
2403;11.026998564266552
2404;157.44480452334992
2405;3.8755468718416175
2406;137.81228051104196
2407;6.287459726954727
2408;2.4290052503281427
2409;4.5048190591699075
2410;6.734287012942412
2411;2.833192971243149
2412;3.5331014560951326
2413;3.461767058815886
2414;21.730058839352786
2415;6.348886127256419
2416;21.096234215641413
2417;22.871815905333104
2418;34.30841446017574
2419;4.869733796084269
2420;6.787363582716344
2421;1.6149988168278833
2422;1.6504108462087177
2423;132.58992838685882
2424;10.144458461255473
2425;4.8837298480138935
2426;7.534600858815048
2427;6.35999940025415
2428;5.889553487397526
2429;40.56957975191206
2430;4.608865427104876
2431;1.3316984934966163
2432;6.335793392230473
2433;10.458766592295639
2434;7.9514887490746124
2435;3.7288989392744307
2436;27.310873457505703
2437;7.693377020438582
2438;2.230830023489073
2439;18.62992048599042
2440;6.323428081857863
2441;6.703052496171204
2442;3.050238328745255
2443;8.903775615335508
2444;2.9437078660702127
2445;40.152462683606075
2446;26.594844648757977
2447;12.628873928651085
2448;60.19921780907464
2449;7.842698417120823
2450;12.974987696951615
2451;5.94780120151173
2452;1.9437932564879485
2453;5.97592137577473
2454;5.550266857410725
2455;32.83229914569586
2456;14.130213180034454
2457;17.009333062266823
2458;4.00078870101767
2459;1.9923561859712111
2460;6.317570927331996
2461;1.774537417402025
2462;100.67025575981002
2463;10.220815625133207
2464;1.9928567712321452
2465;2.174166427987481
2466;48.06764561563922
2467;11.529500515763601
2468;6.801397764154208
2469;63.69512322874628
2470;4.512408154999425
2471;4.723815415882065
2472;6.4926700049078105
2473;3.6557768148652507
2474;59.97165673278783
2475;27.936933394793677
2476;3.2902877137154976
2477;2.4069190293209717
2478;20.913349234110694
2479;4.151706473445139
2480;1.5943276590014182
2481;7.332074615418943
2482;19.588156582727354
2483;7.140720254727727
2484;23.713722369919928
2485;42.356336466848234
2486;8.025401863308112
2487;21.923877230214448
2488;6.315147244823588
2489;1.229842848155642
2490;6.2375006833360365
2491;60.73956136373216
2492;27.74230341564147
2493;28.27783084800073
2494;8.854349074128617
2495;18.62991601451999
2496;3.255175158037926
2497;1.305222627041777
2498;5.555035045046617
2499;8.263443142677485
2500;3.8435906873140246
2501;2.870705582314986
2502;14.278921175605406
2503;3.997377080498836
2504;20.731148588978595
2505;9.182402364366258
2506;6.569752649949463
2507;1.7597463984135937
2508;4.467475293242968
2509;18.485162887867002
2510;23.709999999999997
2511;1.684004911279623
2512;35.5710698580847
2513;15.363987087737458
2514;8.198441303133903
2515;2.4746532053832526
2516;46.27726718724825
2517;5.564239332801576
2518;18.718707040338824
2519;20.257652996923774
2520;17.867398278489798
2521;5.992279756255859
2522;2.2331345823363273
2523;4.211888773501417
2524;4.117184151643968
2525;25.979866618957306
2526;3.603383296585849
2527;12.28419607141323
2528;1.607750875910053
2529;7.738927734987813
2530;5.168795452669876
2531;34.94666307144538
2532;4.952014757327623
2533;56.63095351142354
2534;14.304269961956999
2535;22.50667064459724
2536;2.279214351003941
2537;7.250666347660612
2538;3.553807207743904
2539;126.55959057371231
2540;33.933634644656614
2541;18.718707040338824
2542;61.911970067667816
2543;14.268487891622216
2544;18.609643230449755
2545;5.199715989452463
2546;12.181084838304145
2547;8.31499865042371
2548;1.7621636509982965
2549;42.188203627353694
2550;18.6004230508126
2551;4.303094580650894
2552;9.10777098088161
2553;3.4209927848255335
2554;126.3458490805624
2555;1.9714974350696264
2556;18.480133062307036
2557;6.200000000000052
2558;31.523422901764384
2559;2.944879569948386
2560;7.475815631952596
2561;95.72991180336359
2562;3.8077182282320985
2563;32.29232884210748
2564;3.8251180444075494
2565;11.141576780827588
2566;3.166550204282912
2567;2.9249060578236823
2568;19.069167502161704
2569;4.382025460806085
2570;2.7877391775700446
2571;2.24782061527785
2572;1.313058513487115
2573;5.201922511574361
2574;1.3374462173257564
2575;7.267480346945975
2576;4.807549610893299
2577;3.848873107713317
2578;1.6888034530591964
2579;5.272918470728517
2580;1.9368713296439426
2581;18.480133062307036
2582;15.819631328057868
2583;583.7238889661974
2584;15.982860270155156
2585;6.346086239760859
2586;8.455319402262722
2587;3.919544988839376
2588;2.6447097935035324
2589;1.7672223421623043
2590;5.967489992666909
2591;21.975245710707245
2592;25.600430497060337
2593;27.988506174919824
2594;4.938588717827756
2595;3.399476507481432
2596;4.1564207646320455
2597;4.839697134402894
2598;8.025412524917867
2599;6.33819565560049
2600;185.9031582541786
2601;4.69497455586329
2602;7.1505613701975825
2603;5.861178171317696
2604;20.904736246133755
2605;8.418787447646853
2606;36.69626514213445
2607;7.146125596330968
2608;5.900911794392814
2609;6.274182908367359
2610;26.79308529665581
2611;20.22034442512154
2612;6.37420695571968
2613;500.74420961786626
2614;7.336088125839448
2615;7.935797729315844
2616;26.28283404071276
2617;3.918380000126233
2618;5.981856091666592
2619;5.0073398346169435
2620;2.2456891765409184
2621;7.32634354005295
2622;2.782303333350982
2623;23.709999999999997
2624;1.9711242611440194
2625;3.84538491542248
2626;2.6719359061831893
2627;23.111487501986602
2628;13.349916358435577
2629;2.3893143459090083
2630;10.518971978782952
2631;6.161988445325075
2632;16.162139150889946
2633;45.49355563847064
2634;18.62999761520559
2635;1.9275599888600528
2636;16.486879615530533
2637;8.11196816777896
2638;8.130014704175519
2639;6.076884518075794
2640;67.07729576166034
2641;2.496317039796219
2642;5.123288945389526
2643;10.017751105659553
2644;6.567264460469325
2645;12.511066975534817
2646;18.62991841838236
2647;6.471861668143275
2648;8.586178763682254
2649;2.0607988427068142
2650;8.094285756471397
2651;19.0166317977167
2652;3.614148014635578
2653;3.230364592103806
2654;16.05449386108879
2655;6.87808998887542
2656;11.944717299318219
2657;3.048865724153492
2658;6.814262341020476
2659;11.899752639936665
2660;18.64540906068358
2661;10.322611779719875
2662;1.9939975945383366
2663;14.344213866961908
2664;2.510995098021625
2665;1.0885566363224854
2666;1.9696699682078644
2667;51.319321644377844
2668;8.522717398543525
2669;8.924345898086559
2670;4.76353353409142
2671;157.90663557364883
2672;5.875873887600977
2673;1.924527711086367
2674;1.247145259468239
2675;64.80782591462713
2676;3.5488942478046757
2677;9.120445483449004
2678;4.358064222640482
2679;1.6406258822020585
2680;3.3367276729833555
2681;3.315744540740115
2682;2.2752369991269354
2683;7.547892530983023
2684;21.288995063398634
2685;62.36918738274455
2686;10.88819861679507
2687;7.7299999999999445
2688;3.323172351002316
2689;4.706502999843854
2690;17.332189369064913
2691;9.377358749182516
2692;1.9562724100358801
2693;7.661499663822524
2694;26.862544958893714
2695;3.5891201024595687
2696;6.4941186035965845
2697;18.372276951527667
2698;22.663333265578938
2699;7.531659872520015
2700;3.739874521048566
2701;19.257760613653243
2702;6.342557833306232
2703;2.4258278485660942
2704;24.484052397209986
2705;4.690798380034122
2706;20.102145303113442
2707;3.116144681816914
2708;18.244734489921733
2709;8.13001655489296
2710;3.577249041132722
2711;13.874300877596676
2712;1.493700604503174
2713;6.097465010785615
2714;4.704514133267444
2715;6.145898252283325
2716;102.79999999999994
2717;23.709999999999997
2718;5.15877359383358
2719;18.226069332588285
2720;117.25403520023234
2721;35.35584923235439
2722;79.98472865100693
2723;6.033948092878938
2724;11.80101686206275
2725;80.66978677054
2726;2.1962021398412226
2727;6.083363902096285
2728;1.869599576119416
2729;6.359909583309614
2730;5.2626103040782395
2731;181.22603057773432
2732;2.4300017995859124
2733;6.17682772844973
2734;3.4071925201871833
2735;161.44808081366205
2736;18.6004230508126
2737;9.587100554414363
2738;2.386227090406142
2739;4.898509467120624
2740;10.921513596428271
2741;7.089702516970936
2742;1.6004487786016952
2743;18.54114289537118
2744;24.93249293715167
2745;20.68613708616965
2746;4.064357653536991
2747;5.675721833597191
2748;1.8280929293333947
2749;7.76427025456373
2750;38.612654281569114
2751;147.0277118114922
2752;7.4812753570337085
2753;40.70441779699268
2754;7.418937134240062
2755;3.7699999999999974
2756;2.189271059004591
2757;5.221227807671147
2758;5.7194996131298925
2759;2.863836350046693
2760;1.7496493194643243
2761;32.88148499028796
2762;8.916375110986262
2763;2.091146577182456
2764;1.8570315289005381
2765;13.250430516297245
2766;18.91487199322992
2767;10.582095124581008
2768;305.6017824949131
2769;1.917206547626219
2770;18.22457263785963
2771;5.218122457236541
2772;5.190306078286941
2773;6.057331010484037
2774;32.97595470205915
2775;10.284580637124638
2776;6.802180735307066
2777;18.516959623694774
2778;8.234583636260359
2779;8.101099926027405
2780;7.560305719581191
2781;5.473463929155115
2782;1.6896989098362238
2783;19.729297254779517
2784;5.887105590855884
2785;2.468261616169959
2786;12.628873928651085
2787;16.725919558439763
2788;3.775990053354895
2789;5.269999999999997
2790;4.092126871945674
2791;4.7366303697317935
2792;6.3066127071098315
2793;4.989456311412815
2794;32.389147246295956
2795;6.2891883977551215
2796;5.2518289691000035
2797;2.7577510706591415
2798;23.753929011396313
2799;7.540481326763141
2800;3.929428693162473
2801;5.2972899360360195
2802;6.625957470625286
2803;4.799926810618485
2804;1.48523318495853
2805;182.05928276684645
2806;2.382864840286678
2807;1.61751827835071
2808;42.2149446506261
2809;7.9062231675547885
2810;17.90790859909287
2811;27.4852889806319
2812;59.81217450796607
2813;35.55630333908656
2814;6.284280119725932
2815;10.806008013820248
2816;18.16209257030377
2817;5.087804232375963
2818;13.32934348362208
2819;18.889339332221887
2820;8.008948840272305
2821;2.9723491947262777
2822;37.609241867137875
2823;6.860046088731743
2824;5.313298428722453
2825;4.2436631154522715
2826;39.15581575469927
2827;1.7241146153517266
2828;18.522927949630528
2829;2.575180129790563
2830;2.0371867111376396
2831;1.8451122491727268
2832;1.4497593221697993
2833;7.846840996114844
2834;15.123784336581407
2835;5.024872678838001
2836;53.94854271560997
2837;3.5380354344405403
2838;26.421857843461257
2839;1.9244133214722081
2840;2.925495781267829
2841;3.240744614792371
2842;139.6393474072576
2843;6.2553957098668835
2844;13.518789994731288
2845;11.85611900223601
2846;9.616213149337561
2847;67.3625891856747
2848;18.32936987640175
2849;4.2987562270683
2850;51.13105189581467
2851;9.005531660094862
2852;291.27388851247997
2853;1.8233190692764016
2854;25.7094790433803
2855;13.3248322376836
2856;3.138506445210908
2857;6.240644346827977
2858;20.012898216473292
2859;3.8717298002452325
2860;18.645867420145358
2861;447.11763190032127
2862;6.021625304046481
2863;2.0498898910046566
2864;4.700809024975948
2865;5.399618958391746
2866;4.822703815142108
2867;26.749950154896272
2868;15.963393230017479
2869;8.763324334425073
2870;2.884650129827785
2871;24.44307256097256
2872;14.3015631760095
2873;27.710384853642047
2874;12.09733707848537
2875;3.3892303202760057
2876;13.89147022660288
2877;120.16996882448575
2878;68.79104794638337
2879;6.200208914682212
2880;3.4748672349231393
2881;1.8340037247048377
2882;5.275491544290797
2883;115.16805987773155
2884;70.03489742357749
2885;2.5891074009368804
2886;7.349680715608939
2887;18.136507759547435
2888;4.16174632098225
2889;5.616257774150795
2890;58.01134672364783
2891;22.578705105435805
2892;45.776246244199925
2893;6.35999940025415
2894;18.406083140220872
2895;12.191844072812547
2896;1.1363273024894103
2897;45.75965157280014
2898;1.0799999999999998
2899;4.907145613672979
2900;379.96527121616293
2901;1.6406258822020585
2902;39.28820096376961
2903;26.270265992593377
2904;42.49629534670329
2905;12.195935231720691
2906;7.74484895552525
2907;7.114621711690334
2908;6.365561498109247
2909;12.407133286671865
2910;29.43271382094055
2911;5.900163422970307
2912;7.867818275073623
2913;2.831781200014038
2914;5.178721400759666
2915;14.203486025687805
2916;5.853514383294292
2917;21.84609541430346
2918;40.247882803029476
2919;7.17671313906428
2920;37.818697781850155
2921;3.708184291117973
2922;1.5828529676300358
2923;3.277578980010844
2924;55.86246532985366
2925;1.7044564392029091
2926;15.507619226589288
2927;3.49990325991289
2928;6.597207819717819
2929;9.94195139212064
2930;7.57620359292536
2931;1.7667111473805224
2932;27.162982973523512
2933;6.315286091898512
2934;2.1195608851667
2935;3.689395354536067
2936;5.466691841860589
2937;6.421499975161379
2938;3.0475862286580107
2939;60.2443402753526
2940;35.51202218869827
2941;11.630816947196166
2942;6.34938282315013
2943;7.606930811205369
2944;3.539731763936489
2945;21.80812793605447
2946;3.750216306703443
2947;44.22541148119351
2948;17.428373588546485
2949;7.798136850121119
2950;3.5008325416690043
2951;45.75965157280014
2952;2.199111990153798
2953;5.82434743486144
2954;15.722458999713156
2955;3.47508852600846
2956;23.217297773549674
2957;2.268199430532009
2958;4.9827000404731345
2959;5.15990950734265
2960;13.53758345463907
2961;30.901245757443704
2962;4.855332618038506
2963;10.008473402143885
2964;197.31289060169746
2965;6.273269364974458
2966;84.83335259713111
2967;1.8103776718202929
2968;53.94854271561001
2969;14.493910941032382
2970;22.66299471540664
2971;65.10055653377867
2972;5.473463929155115
2973;4.7145378839996726
2974;10.130000000000061
2975;9.067718703378025
2976;20.452428127721774
2977;7.696026036272146
2978;18.58663729778458
2979;3.532379022406613
2980;1.6610332911082681
2981;6.045128391290018
2982;16.849894878004473
2983;6.118177841335911
2984;44.28596494866206
2985;8.414500499271348
2986;8.845176472014964
2987;8.118347300755547
2988;5.327419204782545
2989;3.6978319129465014
2990;4.204011589946094
2991;67.99465781025255
2992;26.86875233513219
2993;6.9659441745911765
2994;3.932856241856728
2995;14.020970043079418
2996;6.317231600564101
2997;25.616638009160955
2998;7.7299999999999445
2999;6.365569659343031
3000;17.256743631340033
3001;7.681627514618681
3002;6.731885498990842
3003;217.36117316869303
3004;1.7830099799387482
3005;62.14192537448362
3006;1.305222627041777
3007;5.0008540901664045
3008;5.3931400105268485
3009;66.67768974832255
3010;144.2684184991613
3011;18.557723950386283
3012;8.645458817823405
3013;4.010027086680376
3014;3.0952170503203926
3015;6.25946876379332
3016;21.446809332532084
3017;4.108968530356242
3018;6.0963857672167165
3019;39.354551630549196
3020;482.43839348871535
3021;7.140000000000012
3022;5.205769108496363
3023;2.1252717814472732
3024;5.256219679930455
3025;5.371163342282314
3026;7.482378882473374
3027;5.727233435118405
3028;42.46724560525206
3029;5.331073051892962
3030;75.11934398966892
3031;3.2137320272259804
3032;19.966911008195407
3033;3.530762698952252
3034;2.8734935816874425
3035;102.79999999999994
3036;2.0948042974175665
3037;6.378569980315168
3038;59.703336624610955
3039;23.709999999999997
3040;4.624076358724216
3041;3.8770943701208274
3042;14.458404479348621
3043;1.936800219653552
3044;6.359986880572263
3045;7.462870471189641
3046;5.909432113338613
3047;63.12755497136238
3048;10.865554761257014
3049;14.799637909141639
3050;7.5613198200194285
3051;35.69053799032071
3052;8.002023744579432
3053;6.237751885502535
3054;6.823442266968501
3055;3.6750367518266245
3056;29.266686428267608
3057;6.961046008360484
3058;2.3289374559396863
3059;26.024376580562553
3060;26.84149889049876
3061;7.2949944075842446
3062;17.138358428244484
3063;4.603629198469968
3064;13.798235850951981
3065;3.8684030389292263
3066;1.3521728957042292
3067;22.27347419722387
3068;16.675158099242058
3069;3.819475423313807
3070;3.6263530617893225
3071;2.243861575032305
3072;54.537785212954496
3073;8.662397593149057
3074;7.866775901383438
3075;2.345812661071498
3076;2.5264260148256334
3077;5.395944961771653
3078;18.886987555424994
3079;2.1894236817940533
3080;1.5800480486080901
3081;64.8564638876771
3082;23.709999999999997
3083;41.43398877429387
3084;9.544949438531718
3085;3.643844331267845
3086;1.6093884765112718
3087;10.130000000000061
3088;26.557855808570103
3089;48.49677578401083
3090;3.949814009155705
3091;9.22691937318908
3092;3.848535185512152
3093;6.038046655619981
3094;21.963771168144095
3095;3.7699999999999974
3096;1.5330266557102674
3097;13.29471822158989
3098;5.75842036019976
3099;5.838142825462987
3100;2.5653152309940546
3101;198.5432257170739
3102;6.102071027573433
3103;1.0956809306252728
3104;2.791191894548826
3105;3.214589188919667
3106;2.048874741981684
3107;35.823745488392625
3108;8.380400300614129
3109;15.405854142288048
3110;4.642901225911659
3111;6.359999430640328
3112;5.549437431221721
3113;1.6883577751255094
3114;170.95781204756292
3115;18.649734290569906
3116;2.5309319363326175
3117;3.673712791347786
3118;3.4807206862837368
3119;2.6881370329090357
3120;8.238742607496574
3121;20.25175774355821
3122;1.8323906860338524
3123;4.008455693913202
3124;18.58718671031783
3125;18.6381584046802
3126;23.709999999999997
3127;4.1259986732529805
3128;1.3318642021295888
3129;185.9031582541786
3130;2.0600000000000005
3131;7.545540351908402
3132;6.3678128108314604
3133;13.249367093963421
3134;1.7098999783666287
3135;2.45156422975673
3136;9.39620070593532
3137;16.4834420592697
3138;5.64324212571903
3139;2.407493987400272
3140;15.793867423293072
3141;18.62247728157987
3142;6.359998611612045
3143;4.506877470639521
3144;31.430122955493335
3145;19.644488538931625
3146;2.259731184540497
3147;3.104655559369771
3148;21.975245710707245
3149;2.06173176353767
3150;1.3662637863974847
3151;5.195586164361805
3152;23.709999999999997
3153;1.6879959374113749
3154;5.704475976407236
3155;8.382614146492829
3156;38.06447388963259
3157;22.04745645751862
3158;3.1625182827041933
3159;47.94866398617092
3160;53.31672644090248
3161;35.325460430215294
3162;4.279455946228994
3163;18.62750672198467
3164;10.247098329532536
3165;2.272340072160121
3166;43.35492215165159
3167;2.4830142123753585
3168;24.530000000000157
3169;6.360000000000008
3170;18.30624553203047
3171;27.043480897550985
3172;1.0802920024624854
3173;5.138257235620212
3174;5.02242250222419
3175;18.62743339526985
3176;1.7889334522687168
3177;5.667070787869796
3178;17.541880278015757
3179;31.430122955493335
3180;6.3531642661861
3181;7.292602869565484
3182;61.63544036064465
3183;13.455374410273244
3184;1.8562554649838732
3185;1.0805353981556145
3186;14.987718482985596
3187;7.803959641637169
3188;17.086043219748596
3189;2.8732497034443245
3190;17.461153405013366
3191;49.49160594912338
3192;2.6579721684829956
3193;9.75258186118967
3194;1.793461767499768
3195;40.66743425661383
3196;23.740002073509675
3197;13.678438783564363
3198;3.1004687950609817
3199;34.03626669810056
3200;6.231083850808425
3201;100.69063727461116
3202;1.4150079251653414
3203;3.3689817341109296
3204;6.197760060877135
3205;8.588604526936557
3206;174.729883152918
3207;5.675721833597191
3208;15.74427675089801
3209;3.472239675132266
3210;8.903775615335508
3211;8.081892978208007
3212;6.375964057839415
3213;6.3535996645195025
3214;4.132745498123317
3215;5.024872678838001
3216;4.131770651699456
3217;3.723772980859127
3218;5.657789017828329
3219;6.102136794038103
3220;11.869957092614007
3221;7.579423008648591
3222;6.712814376282026
3223;10.921513596428271
3224;18.54114289537118
3225;1.2909543778478476
3226;6.388598364069413
3227;8.117974330413515
3228;3.972013968587868
3229;1.757259922211724
3230;18.066600704614633
3231;5.3000733258801205
3232;18.987521946483753
3233;3.112051052875464
3234;97.4994956161502
3235;27.499999999999847
3236;6.355002623761298
3237;39.071666509917705
3238;6.917784271392217
3239;2.304974301316982
3240;33.92894803231372
3241;2.545784295480693
3242;12.004922478944817
3243;7.7299999999999445
3244;18.606848256749657
3245;2.7573860401322845
3246;3.6068044648904354
3247;14.145528971483575
3248;17.568174216533407
3249;12.390443427521763
3250;5.667287300683997
3251;37.59890561682364
3252;7.601431694129212
3253;11.835664759496128
3254;2.011473508806429
3255;4.679850354691478
3256;2.1621545051134214
3257;6.643436965272676
3258;1.8285125949093293
3259;18.520515880272715
3260;8.850945406695098
3261;27.14815446139555
3262;19.433831940800314
3263;3.8380493237874407
3264;43.193824148018315
3265;6.628635394179
3266;6.371531414291395
3267;8.606466733482076
3268;13.516164358513395
3269;211.1600417506048
3270;7.5279074699604465
3271;250.59850897562646
3272;6.947565063031633
3273;51.93641213499073
3274;6.348886127256419
3275;7.485593100225423
3276;5.906721196458018
3277;7.1223091826494525
3278;5.912618616990781
3279;12.449603762148804
3280;32.88148499028796
3281;2.065866538537985
3282;18.27395944355823
3283;2.059203573610521
3284;4.334248467776301
3285;5.33790770905574
3286;34.92020403843982
3287;6.687870788286898
3288;136.54771199969446
3289;3.802012927520476
3290;14.796644645061212
3291;1.2294044833670976
3292;10.997137759535027
3293;147.10926242625445
3294;3.763563313688246
3295;7.332074615418943
3296;23.317621098928537
3297;15.45514105348936
3298;13.094150408819395
3299;18.593445541138106
3300;2.32148978639661
3301;6.311282090812885
3302;18.871913673209374
3303;18.975457167745812
3304;3.0538756545980825
3305;5.957754887124392
3306;6.3696154451940945
3307;3.552396154336772
3308;3.9226834774906294
3309;4.567069580879825
3310;3.310352418248118
3311;1.8317313983732881
3312;2.829500617817465
3313;3.1609187780295303
3314;6.83322641177879
3315;9.205703688364975
3316;96.7417827600323
3317;32.97387831668111
3318;2.069414635054634
3319;7.419358113058966
3320;21.59543418769853
3321;1.5773270165031403
3322;12.108597535482465
3323;24.956046735666323
3324;7.785360170335476
3325;3.636440068977654
3326;19.087779736277913
3327;51.52705114603968
3328;10.684191412571964
3329;25.848090570088765
3330;79.46612360602
3331;1.5111850316200945
3332;32.089192897029456
3333;34.523825227271644
3334;6.863128852914881
3335;34.82398328396585
3336;5.920023348810576
3337;13.555328083781673
3338;18.62971807850414
3339;37.877293034483166
3340;3.764133908371061
3341;6.639546015359721
3342;7.612707290431447
3343;16.930000000000025
3344;22.030460820020643
3345;13.097759035676848
3346;5.601728185934073
3347;1.8490208652258406
3348;15.119201695543211
3349;36.63852618463009
3350;1.8400000000000045
3351;4.374336549774331
3352;3.3056875051230943
3353;3.8760022203695823
3354;1.7403052861409867
3355;11.154875583097828
3356;3.858959571003493
3357;11.60336891126107
3358;9.587100554414363
3359;2.0122152721882336
3360;18.406083140220872
3361;13.53758345463907
3362;17.31257299203371
3363;6.466305330001735
3364;13.32934348362208
3365;3.8875712638613455
3366;5.70816048466026
3367;7.01256120004745
3368;26.360616193945184
3369;9.959849165885203
3370;3.7567460159804718
3371;9.75986569031566
3372;6.394100355847438
3373;5.483876046851118
3374;3.7378671791421807
3375;15.714873708610465
3376;1.4930696108564607
3377;3.0058494865002956
3378;7.12670079444747
3379;511.54429739148003
3380;8.686687080548962
3381;117.38761458530713
3382;7.25249901793902
3383;2.3688185418804375
3384;2.6480145780781554
3385;18.30624553203047
3386;3.4811946874011523
3387;23.36603423751693
3388;3.119616181976313
3389;6.914283142145353
3390;14.513625251365188
3391;2.1703388296696993
3392;175.5835764311181
3393;50.5140337326724
3394;3.847411609138043
3395;6.613035018102601
3396;18.543388340408033
3397;23.709999999999997
3398;4.820000000000005
3399;40.66743425661383
3400;10.691600157972536
3401;10.352229964039397
3402;9.55425553357336
3403;1.9870186065367055
3404;2.6518355010223926
3405;1.0808275453751184
3406;16.52193412070109
3407;7.140000000000012
3408;7.403040973342494
3409;7.197959581497703
3410;48.916811485890456
3411;2.4473438886428602
3412;7.2774139168039715
3413;9.445001657549522
3414;1.5618175340442442
3415;7.129735289690754
3416;26.313300917979003
3417;1.9313298883126582
3418;2.6719359061831893
3419;11.102485504703699
3420;6.283740365822539
3421;10.013133691026333
3422;5.194428407598339
3423;19.64190675124385
3424;10.941176298458041
3425;11.165486183101695
3426;6.100375861320181
3427;5.523631793234287
3428;5.575409210328033
3429;30.686097567709815
3430;10.23852619619715
3431;5.880292686995962
3432;6.765137463168472
3433;1.4806921018415324
3434;5.327419204782545
3435;6.375743635999238
3436;1.740633315275996
3437;2.3459613629833918
3438;5.032436719614495
3439;2.367339875919233
3440;12.551147831731466
3441;38.22672185734314
3442;6.086494700841295
3443;1.7717589859994443
3444;43.04750377698296
3445;3.887605371675324
3446;23.709999999999997
3447;2.2093423031727584
3448;42.67171751676078
3449;5.27977893781415
3450;8.488256039414585
3451;6.37717149466405
3452;6.364128329923066
3453;6.5540572802100865
3454;5.774600152946946
3455;18.32936987640175
3456;2.2615036823814467
3457;44.79279560925503
3458;4.8292703170252045
3459;70.00063571971734
3460;3.552545273797795
3461;1.4953131790396723
3462;4.298585916595791
3463;16.097462248211222
3464;3.9734360420079033
3465;105.74466450571947
3466;4.526161404010253
3467;15.935552752799044
3468;3.685977658705383
3469;6.363990261472368
3470;1.565739673897865
3471;27.162982973523512
3472;5.776827591728138
3473;5.944832899615823
3474;24.019683382385832
3475;10.868490448551183
3476;5.888992543782981
3477;5.206247695390563
3478;16.30760439949407
3479;8.650556238494863
3480;24.15665518540599
3481;23.709999999999997
3482;6.583780604134246
3483;22.19884102257846
3484;4.311948013261601
3485;5.219680019258329
3486;4.204555320156006
3487;6.394959439882324
3488;5.391451466028064
3489;15.758514892733649
3490;8.092075077788234
3491;31.1571824454156
3492;2.7161499971276557
3493;13.061012146285787
3494;7.809697555356584
3495;18.60752960981746
3496;41.092207735027785
3497;4.130771566010387
3498;18.506708017621108
3499;4.40139707973261
3500;1.247145259468239
3501;4.083311064774346
3502;3.505106509384436
3503;6.390603492080445
3504;72.15629613374614
3505;4.250912131021476
3506;7.693330279337899
3507;10.303686946697141
3508;5.119693784229656
3509;18.34164971866641
3510;18.647902645298217
3511;5.610024561826984
3512;4.755791950916062
3513;20.082300972404557
3514;2.5791995001747083
3515;212.0687551834518
3516;6.2891883977551215
3517;5.286312491813442
3518;4.898744958496981
3519;11.026998564266552
3520;17.683313612260037
3521;22.663333265578938
3522;2.91831525701156
3523;3.802826452698789
3524;39.15416668370483
3525;8.219058729366841
3526;2.6902674890810445
3527;144.92999999999716
3528;5.2399334809994675
3529;1.0799999999999998
3530;18.602709253784234
3531;28.53158792008148
3532;3.524047399268073
3533;140.79220037861947
3534;5.241209631349335
3535;46.730000000000004
3536;5.80364491345886
3537;16.881068965050712
3538;2.3818775376631622
3539;1.9117985329798453
3540;6.360000081045216
3541;67.70294419062095
3542;16.68195481124152
3543;23.709999999999997
3544;5.7411097669057005
3545;14.172736203301682
3546;18.613929425876403
3547;6.828962518334591
3548;5.278409533706159
3549;1.0799999999999998
3550;2.002865594727067
3551;6.204081619879447
3552;2.183894867336815
3553;28.38159744999408
3554;5.613590657727637
3555;17.59302943408336
3556;20.707487143538618
3557;2.3621269134224945
3558;36.74281942122578
3559;5.2693699898425885
3560;90.24727677474486
3561;1.8561541916525164
3562;3.530665190847681
3563;9.335326256251804
3564;1.5185868755298322
3565;5.972969445163963
3566;3.803111225615123
3567;26.511176444550898
3568;14.278680867548498
3569;11.697563562375324
3570;29.092120737400954
3571;1.4911532438646882
3572;8.061383066712292
3573;19.69966931086547
3574;2.1942314672019463
3575;6.874120887728231
3576;18.52111224665373
3577;5.168612405261441
3578;22.40535047279737
3579;7.546153749236932
3580;4.784595505656601
3581;8.39738862348499
3582;6.775996761665141
3583;455.4681698994096
3584;2.3341775563682035
3585;7.001405843443626
3586;5.109067721596697
3587;1.7092143207903086
3588;5.184666737701967
3589;23.709999999999997
3590;14.049717904298744
3591;15.23457007275392
3592;7.486328812681161
3593;7.181775023922514
3594;19.25733159461551
3595;16.796427028611408
3596;15.009408492925145
3597;8.111719275219638
3598;1.597288472594363
3599;18.628848179770337
3600;7.468298989403511
3601;22.30490607347127
3602;2.0791380879875225
3603;5.34613231289365
3604;5.104182310959448
3605;5.4264636456270265
3606;2.7694902083644375
3607;4.933991639300077
3608;22.05779025087284
3609;13.518789994731288
3610;6.3577192173446555
3611;17.173108351928207
3612;4.907145613672979
3613;5.875251252105999
3614;3.840862076902141
3615;36.813667819408835
3616;5.154125346778835
3617;1.5705713499882095
3618;6.1778198247591165
3619;2.3400670125110343
3620;5.815994884697825
3621;31.163359838953244
3622;7.146906378774391
3623;20.54274224740524
3624;6.283740365822539
3625;12.633796100090906
3626;23.122820746568937
3627;10.118831054857539
3628;1.5659193594694965
3629;2.094160962354004
3630;6.048944283231721
3631;6.308504075629162
3632;8.690365153133175
3633;5.119388408250317
3634;8.801968589726226
3635;1.3727583699960824
3636;15.465192351237231
3637;23.299320656807282
3638;3.4570549008145295
3639;6.423465349114802
3640;15.050190716682987
3641;6.88165315874143
3642;15.769967575864047
3643;3.322791779215206
3644;7.777404113272408
3645;6.086065742143525
3646;8.788291787192902
3647;36.62257923255788
3648;54.08270967570189
3649;2.999762600908147
3650;5.914286900029945
3651;20.046678603599773
3652;6.254826016355906
3653;102.79999999999994
3654;7.710237734533676
3655;7.6733806419266015
3656;6.18997972205535
3657;1.1839417611969296
3658;19.69704413648389
3659;2.654353647832081
3660;113.81914090552644
3661;72.85528111678032
3662;13.635735042646175
3663;32.135064965665656
3664;23.642851498847484
3665;27.308215476312274
3666;53.9199999999997
3667;2.91314216653079
3668;54.008964406192256
3669;7.548842408354015
3670;86.14961735901235
3671;2.0729155195725215
